Address,Amount,Timestamp,Term
0x84e3abcb3c677de961d837c089b11fb527aa07ed,100000000000000000000,1650861951,3
0x572ae711b8d89252d61fc1ec5701179ae6a6992c,900000000000000000000,1650893567,3
0x9d73accf53ea2fc00b70c8f06cacc4b29d6c9234,4614000000000000000000,1650894017,3
0xf7f1ae6e7634237c02a2d32b7de3f653177578a2,1680000000000000000000,1650894225,3
0x2f9da80c3e00f7c075fda6ad647d485dfe3ceba6,832000000000000000000,1650895605,2
0xd2705e1f03a53e03e5a3705431656fe12c0c7449,13703000000000000006923,1650896883,2
0xf81c26188c1122dc3372c9027899af6b40b200b4,10414800880626144227142,1650898729,3
0xdacaeb6932ac35c0b005b14c3d630dfb35b64997,550000000000000000000,1650899454,3
0xa79071d890713565a1aa98888a9f0584f2299dc7,100000000000000000000,1650899635,1
0xdf95944fa8845ade786ebba693486ee917c23cd0,3090000000000000000000,1650900303,3
0xb4c045e382098237444cd784a22e380a7c4ddc55,1500000000000000000000,1650901767,3
0x14500fcf81e1dfead42eb38f46eed7eb070f363b,3000000000000000000000,1650903865,3
0x503e5c264fe3554650840740a3d6f9ce06b68d9c,6499000000000000000000,1650904036,3
0x4f4bcab7aefa82ed61b2460861338e16b41dface,48450327695930466525206,1650906400,3
0xb95f557b313cd58073914ca0fb8d18eea8b73f40,8820000000000000000000,1650910002,3
0x411187e7c8ab91d3bea87660fd7855e4185d3326,2500000000000000000000,1650910408,3
0x8cfe5d92856b7a0f1ad61303a5a8385371a4551b,2400000000000000000000,1650914823,1
0xebe27a03d9aaeea11440d964a68bc481487c1ead,3335000000000000000000,1650915128,1
0xed6142f69f54788038b2fb863e1e2d76615cc312,2250000000000000000000,1650921878,3
0xaf2cf228ec24f13c6a80c7309e9420a4ee34dbdf,16650000000000000000000,1650925521,3
0xe1b66299b7d9daf82f8d4fd072c4388beb6f8c11,900000000000000000000,1650933522,2
0xb50c652e4a1baf8d9e4269aa4cdd096b8174a041,3000000000000000000000,1650933916,3
0x106e029c874f44eeb881a6cbca4af07472d90140,2071000000000000000000,1650939045,3
0xb5b03450eedd07c610030d9a79c5c607d2915f57,1203000000000000000000,1650939230,3
0x35495da91596a48b2ff21ab7257b1f678c6767d0,846000000000000000000,1650940128,3
0xe584bfd9417d25416bd307e4889ab8b4af8f8f2b,1659000000000000000067,1650943854,1
0x451a6c36a4cbb445bf10c9f8faedb5c3ac9e616f,1950000000000000000000,1650945160,3
0x904209d0a7ff12ca922f0dd61dd2e6d10250e5ef,2446546222270190365621,1650945374,3
0xea18bb9f90c387745a2f3a5dd837d4f387971775,959855200000000000000,1650946627,3
0x1db5c5da036eaf379839a51a94b90bf611cb7a10,300000000000000000000,1650950976,2
0x1566bba8ed7da8486b468c2d2ecf002ddd2d3ab7,909223000000000000000,1650952829,3
0x359ffbf1c853d3cbe5c987413a8e868a07361058,1050000000000000000000,1650953228,3
0x71de9327576fd284dfc6381b9f867e18d770e414,750000000000000000000,1650966484,2
0x4ea2d0fd622094893d59d9daa0fc7f9e1c7c7984,7200000000000000000000,1650968725,3
0xe0c4927e96f65fefd3c44868e3aa17ff70c36ace,16666000000000000000000,1650972006,3
0x06186244823ba8730d1d241f17afaa3cf1f22ee4,825000000000000000000,1650974018,3
0xb78aa236b92989164749be7611d109dffc1ff3d3,1585000000000000000000,1650978961,3
0x16e7451d072ea28f2952eefcd7cc4a30b1f6a557,12000000000000000000000,1650979809,3
0x633196a26e01e472eefebbf4d5f84fb928c2e636,1683000000000000000000,1650991766,2
0x0ba5da25215902713fabd62d0e1dc767359bfa70,20000000000000000000000000,1650992410,3
0xefec040376e7f6e2cf766891b186bfad85a1cbbf,5263000000000000000000,1650992915,3
0x5e88209d620db0f9e2fbbe17b41689c4b8a4348d,750000000000000000000,1650992916,3
0x7e56b9966655b0410ae5791f97bf441cdfbfde10,16650000000000000000000,1651000270,3
0x017d38085e69c94593861976d6b53d4f98ffe7df,2499000000000000000000,1651011569,3
0x88f6f6e3f83df3ff5bc6daa6d8d83e6d4e7626e3,13355657346494206314192,1651013268,3
0x7bf2f9d229a56359bb3c36f5e1b38793858211d9,833000000000000000000,1651015538,3
0xa9443bdd42c32785e24aa605d4a31adda9f5285c,2026000000000000000000,1651026767,3
0x6a5fc62f90b9f80ed2b27eabd2f24c94394663f3,6249000000000000000000,1651032169,3
0x6a227d650aaac30b6ba839abab3568c3658c4cd4,300000000000000000000,1651037928,2
0x2d9f7c50efe34d6c7a00759c7aeb74271ec0e394,1956250000000000009350,1651061518,3
0x19ad82aba099cafb85ccaf9607b74e53589e987e,345000000000000000000,1651064334,1
0x4bf29eee7e6149952d3f6e26e346c06d6558a7c4,1500000000000000000000,1651096663,3
0xdd2288e3aef0c2d34711bd467799247d7941c056,3300000000000000000000,1651111044,3
0xa34f109364720d93a657dee4eded0d240c1cc9d9,1200000000000000000000,1651119723,3
0x85b2657af7767f56c2e00f4ec2d4e496673303a5,2666000000000000000000,1651122551,2
0xbcc0b3a4591152a9e075f373a1058f932da2cebf,2350000000000000000000,1651128232,1
0x4bc9776aac5835bb07140e9414a6d718644f71c7,300000000000000000000,1651129130,3
0xc5a80085e91a4ba2ad1dc03e55a97a39a2cc7749,2550000000000000000000,1651143126,3
0x12d221c0984ae142ca77170b1a583b1ede1d27a7,1500000000000000000000,1651155317,3
0xfe47c17fcf928e9b5a69bec5cf72b736857526bd,1733000000000000000000,1651157361,2
0xfe319dfaa29ac922447aeece9e11713a8d7b591a,1500000000000000000000,1651160928,3
0x989303a0a5a60956267bca39f5441863cb46c6f2,1733000000000000000000,1651168420,1
0x6313f34bb7e25f290a20863e06f1626189891948,350000000000000000000,1651171625,1
0x337539bfcf5119f45e884a705ff3214974190814,4012000000000000000000,1651180256,3
0x11c861d271cfd353c6dcf8bd939be5d896d4c1cd,1455000000000000000000,1651196364,3
0x2f0a5816cfb1bf40d08dc8596b1a850cce80c217,3000000000000000000000,1651205886,3
0xf864e43921d2c19f21756e1eb8f32ba9b92d6376,25531000000000000000000,1651265795,1
0x8b3da5dd671fbf4378df0a6b359cc7ba93b70260,1200000000000000000000,1651294935,3
0x27d40832da30f1d5062c5682903886fe7213e336,20718000000000000000000,1651354027,2
